path,start,end,aburazemi,higurashi,minminzemi,niiniizemi,tsukutsukuboushi
/home/okamoto/CicadaChorusDetection/step1_real_annotation/recordings/sample_akitsu_2/20240811_1410.wav,0.0,4.0,1,0,0,1,1
/home/okamoto/CicadaChorusDetection/step1_real_annotation/recordings/sample_akitsu_2/20240811_1410.wav,4.0,8.0,1,0,0,1,1
/home/okamoto/CicadaChorusDetection/step1_real_annotation/recordings/sample_akitsu_2/20240811_1410.wav,8.0,12.0,1,0,0,1,1
/home/okamoto/CicadaChorusDetection/step1_real_annotation/recordings/sample_akitsu_2/20240725_0500.wav,0.0,4.0,0,0,0,1,0
/home/okamoto/CicadaChorusDetection/step1_real_annotation/recordings/sample_akitsu_2/20240725_0500.wav,4.0,8.0,0,0,0,1,0
/home/okamoto/CicadaChorusDetection/step1_real_annotation/recordings/sample_akitsu_2/20240725_0500.wav,8.0,12.0,0,0,0,1,0
/home/okamoto/CicadaChorusDetection/step1_real_annotation/recordings/sample_akitsu_2/20240716_0510.wav,4.0,8.0,0,0,0,1,0
/home/okamoto/CicadaChorusDetection/step1_real_annotation/recordings/sample_akitsu_2/20240716_0510.wav,0.0,4.0,0,0,0,1,0
/home/okamoto/CicadaChorusDetection/step1_real_annotation/recordings/sample_akitsu_2/20240716_0510.wav,8.0,12.0,0,0,0,1,0
/home/okamoto/CicadaChorusDetection/step1_real_annotation/recordings/sample_akitsu_2/20240722_1510.wav,0.0,4.0,0,0,0,1,0
/home/okamoto/CicadaChorusDetection/step1_real_annotation/recordings/sample_akitsu_2/20240722_1510.wav,4.0,8.0,0,0,0,1,0
/home/okamoto/CicadaChorusDetection/step1_real_annotation/recordings/sample_akitsu_2/20240722_1510.wav,8.0,12.0,0,0,0,1,0
/home/okamoto/CicadaChorusDetection/step1_real_annotation/recordings/sample_akitsu_2/20240905_0810.wav,0.0,4.0,0,0,0,0,1
/home/okamoto/CicadaChorusDetection/step1_real_annotation/recordings/sample_akitsu_2/20240905_0810.wav,4.0,8.0,0,0,0,0,1
/home/okamoto/CicadaChorusDetection/step1_real_annotation/recordings/sample_akitsu_2/20240905_0810.wav,8.0,12.0,0,0,0,0,1
/home/okamoto/CicadaChorusDetection/step1_real_annotation/recordings/sample_akitsu_2/20240731_1100.wav,0.0,4.0,1,0,0,1,0
/home/okamoto/CicadaChorusDetection/step1_real_annotation/recordings/sample_akitsu_2/20240731_1100.wav,4.0,8.0,1,0,0,1,0
/home/okamoto/CicadaChorusDetection/step1_real_annotation/recordings/sample_akitsu_2/20240731_1100.wav,8.0,12.0,1,0,0,1,0
/home/okamoto/CicadaChorusDetection/step1_real_annotation/recordings/sample_akitsu_2/20240731_1410.wav,4.0,8.0,1,0,1,1,0
/home/okamoto/CicadaChorusDetection/step1_real_annotation/recordings/sample_akitsu_2/20240731_1410.wav,0.0,4.0,1,0,1,1,0
/home/okamoto/CicadaChorusDetection/step1_real_annotation/recordings/sample_akitsu_2/20240731_1410.wav,8.0,12.0,1,0,1,1,0
/home/okamoto/CicadaChorusDetection/step1_real_annotation/recordings/sample_akitsu_2/20240825_1810.wav,0.0,4.0,1,0,0,0,1
/home/okamoto/CicadaChorusDetection/step1_real_annotation/recordings/sample_akitsu_2/20240825_1810.wav,4.0,8.0,1,0,0,0,1
/home/okamoto/CicadaChorusDetection/step1_real_annotation/recordings/sample_akitsu_2/20240825_1810.wav,8.0,12.0,1,0,0,0,1
/home/okamoto/CicadaChorusDetection/step1_real_annotation/recordings/sample_akitsu_2/20240826_1800.wav,4.0,8.0,1,0,0,0,1
/home/okamoto/CicadaChorusDetection/step1_real_annotation/recordings/sample_akitsu_2/20240826_1800.wav,0.0,4.0,1,0,0,0,1
/home/okamoto/CicadaChorusDetection/step1_real_annotation/recordings/sample_akitsu_2/20240826_1800.wav,8.0,12.0,1,0,0,0,1
/home/okamoto/CicadaChorusDetection/step1_real_annotation/recordings/sample_akitsu_2/20240821_0710.wav,0.0,4.0,0,0,1,0,1
/home/okamoto/CicadaChorusDetection/step1_real_annotation/recordings/sample_akitsu_2/20240821_0710.wav,4.0,8.0,0,0,1,0,1
/home/okamoto/CicadaChorusDetection/step1_real_annotation/recordings/sample_akitsu_2/20240821_0710.wav,8.0,12.0,0,0,1,0,1
/home/okamoto/CicadaChorusDetection/step1_real_annotation/recordings/sample_akitsu_2/20240812_0910.wav,0.0,4.0,0,0,1,1,0
/home/okamoto/CicadaChorusDetection/step1_real_annotation/recordings/sample_akitsu_2/20240812_0910.wav,4.0,8.0,0,0,1,1,0
/home/okamoto/CicadaChorusDetection/step1_real_annotation/recordings/sample_akitsu_2/20240812_0910.wav,8.0,12.0,0,0,1,1,0
/home/okamoto/CicadaChorusDetection/step1_real_annotation/recordings/sample_akitsu_2/20240907_0500.wav,4.0,8.0,0,0,0,0,0
/home/okamoto/CicadaChorusDetection/step1_real_annotation/recordings/sample_akitsu_2/20240907_0500.wav,0.0,4.0,0,0,0,0,0
/home/okamoto/CicadaChorusDetection/step1_real_annotation/recordings/sample_akitsu_2/20240907_0500.wav,8.0,12.0,0,0,0,0,0
/home/okamoto/CicadaChorusDetection/step1_real_annotation/recordings/sample_akitsu_2/20240907_0610.wav,0.0,4.0,0,0,1,0,1
/home/okamoto/CicadaChorusDetection/step1_real_annotation/recordings/sample_akitsu_2/20240907_0610.wav,4.0,8.0,0,0,1,0,1
/home/okamoto/CicadaChorusDetection/step1_real_annotation/recordings/sample_akitsu_2/20240907_0610.wav,8.0,12.0,0,0,1,0,1
/home/okamoto/CicadaChorusDetection/step1_real_annotation/recordings/sample_akitsu_2/20240913_0900.wav,0.0,4.0,0,0,0,0,1
/home/okamoto/CicadaChorusDetection/step1_real_annotation/recordings/sample_akitsu_2/20240913_0900.wav,4.0,8.0,0,0,0,0,1
/home/okamoto/CicadaChorusDetection/step1_real_annotation/recordings/sample_akitsu_2/20240913_0900.wav,8.0,12.0,0,0,0,0,1
/home/okamoto/CicadaChorusDetection/step1_real_annotation/recordings/sample_akitsu_2/20240720_1300.wav,0.0,4.0,0,0,0,1,0
/home/okamoto/CicadaChorusDetection/step1_real_annotation/recordings/sample_akitsu_2/20240720_1300.wav,4.0,8.0,0,0,0,1,0
/home/okamoto/CicadaChorusDetection/step1_real_annotation/recordings/sample_akitsu_2/20240720_1300.wav,8.0,12.0,0,0,0,1,0
/home/okamoto/CicadaChorusDetection/step1_real_annotation/recordings/sample_akitsu_2/20240811_0810.wav,4.0,8.0,0,0,1,1,0
/home/okamoto/CicadaChorusDetection/step1_real_annotation/recordings/sample_akitsu_2/20240811_0810.wav,0.0,4.0,0,0,1,1,0
/home/okamoto/CicadaChorusDetection/step1_real_annotation/recordings/sample_akitsu_2/20240811_0810.wav,8.0,12.0,0,0,1,1,0
/home/okamoto/CicadaChorusDetection/step1_real_annotation/recordings/sample_akitsu_2/20240725_1800.wav,0.0,4.0,1,0,0,1,0
/home/okamoto/CicadaChorusDetection/step1_real_annotation/recordings/sample_akitsu_2/20240725_1800.wav,4.0,8.0,1,0,0,1,0
/home/okamoto/CicadaChorusDetection/step1_real_annotation/recordings/sample_akitsu_2/20240725_1800.wav,8.0,12.0,1,0,0,1,0
/home/okamoto/CicadaChorusDetection/step1_real_annotation/recordings/sample_akitsu_2/20240825_1800.wav,4.0,8.0,1,0,0,0,1
/home/okamoto/CicadaChorusDetection/step1_real_annotation/recordings/sample_akitsu_2/20240825_1800.wav,0.0,4.0,1,0,0,0,1
/home/okamoto/CicadaChorusDetection/step1_real_annotation/recordings/sample_akitsu_2/20240825_1800.wav,8.0,12.0,1,0,0,0,1
/home/okamoto/CicadaChorusDetection/step1_real_annotation/recordings/sample_akitsu_2/20240715_1010.wav,0.0,4.0,0,0,0,1,0
/home/okamoto/CicadaChorusDetection/step1_real_annotation/recordings/sample_akitsu_2/20240715_1010.wav,4.0,8.0,0,0,0,1,0
/home/okamoto/CicadaChorusDetection/step1_real_annotation/recordings/sample_akitsu_2/20240715_1010.wav,8.0,12.0,0,0,0,1,0
/home/okamoto/CicadaChorusDetection/step1_real_annotation/recordings/sample_akitsu_2/20240720_1010.wav,0.0,4.0,0,0,0,1,0
/home/okamoto/CicadaChorusDetection/step1_real_annotation/recordings/sample_akitsu_2/20240720_1010.wav,8.0,12.0,0,0,0,1,0
/home/okamoto/CicadaChorusDetection/step1_real_annotation/recordings/sample_akitsu_2/20240720_1010.wav,4.0,8.0,0,0,0,1,0
/home/okamoto/CicadaChorusDetection/step1_real_annotation/recordings/sample_akitsu_2/20240719_0810.wav,0.0,4.0,0,0,0,1,0
/home/okamoto/CicadaChorusDetection/step1_real_annotation/recordings/sample_akitsu_2/20240719_0810.wav,4.0,8.0,0,0,0,1,0
/home/okamoto/CicadaChorusDetection/step1_real_annotation/recordings/sample_akitsu_2/20240719_0810.wav,8.0,12.0,0,0,0,1,0
/home/okamoto/CicadaChorusDetection/step1_real_annotation/recordings/sample_akitsu_2/20240804_0810.wav,4.0,8.0,0,0,0,1,0
/home/okamoto/CicadaChorusDetection/step1_real_annotation/recordings/sample_akitsu_2/20240804_0810.wav,0.0,4.0,0,0,0,1,0
/home/okamoto/CicadaChorusDetection/step1_real_annotation/recordings/sample_akitsu_2/20240804_0810.wav,8.0,12.0,0,0,0,1,0
/home/okamoto/CicadaChorusDetection/step1_real_annotation/recordings/sample_akitsu_2/20240908_1300.wav,0.0,4.0,1,0,0,0,1
/home/okamoto/CicadaChorusDetection/step1_real_annotation/recordings/sample_akitsu_2/20240908_1300.wav,4.0,8.0,1,0,0,0,1
/home/okamoto/CicadaChorusDetection/step1_real_annotation/recordings/sample_akitsu_2/20240908_1300.wav,8.0,12.0,1,0,0,0,1
/home/okamoto/CicadaChorusDetection/step1_real_annotation/recordings/sample_akitsu_2/20240727_1610.wav,0.0,4.0,1,0,0,1,0
/home/okamoto/CicadaChorusDetection/step1_real_annotation/recordings/sample_akitsu_2/20240727_1610.wav,4.0,8.0,1,0,0,1,0
/home/okamoto/CicadaChorusDetection/step1_real_annotation/recordings/sample_akitsu_2/20240727_1610.wav,8.0,12.0,1,0,0,1,0
/home/okamoto/CicadaChorusDetection/step1_real_annotation/recordings/sample_akitsu_2/20240802_1410.wav,4.0,8.0,1,0,1,1,0
/home/okamoto/CicadaChorusDetection/step1_real_annotation/recordings/sample_akitsu_2/20240802_1410.wav,0.0,4.0,1,0,1,1,0
/home/okamoto/CicadaChorusDetection/step1_real_annotation/recordings/sample_akitsu_2/20240802_1410.wav,8.0,12.0,1,0,1,1,0
/home/okamoto/CicadaChorusDetection/step1_real_annotation/recordings/sample_akitsu_2/20240724_0600.wav,0.0,4.0,0,0,0,1,0
/home/okamoto/CicadaChorusDetection/step1_real_annotation/recordings/sample_akitsu_2/20240724_0600.wav,4.0,8.0,0,0,0,1,0
/home/okamoto/CicadaChorusDetection/step1_real_annotation/recordings/sample_akitsu_2/20240724_0600.wav,8.0,12.0,0,0,0,1,0
/home/okamoto/CicadaChorusDetection/step1_real_annotation/recordings/sample_akitsu_2/20240803_1000.wav,0.0,4.0,0,0,0,1,1
/home/okamoto/CicadaChorusDetection/step1_real_annotation/recordings/sample_akitsu_2/20240803_1000.wav,8.0,12.0,0,0,0,1,1
/home/okamoto/CicadaChorusDetection/step1_real_annotation/recordings/sample_akitsu_2/20240803_1000.wav,4.0,8.0,0,0,0,1,1
/home/okamoto/CicadaChorusDetection/step1_real_annotation/recordings/sample_akitsu_2/20240827_1310.wav,0.0,4.0,1,0,1,0,1
/home/okamoto/CicadaChorusDetection/step1_real_annotation/recordings/sample_akitsu_2/20240827_1310.wav,8.0,12.0,1,0,1,0,1
/home/okamoto/CicadaChorusDetection/step1_real_annotation/recordings/sample_akitsu_2/20240827_1310.wav,4.0,8.0,1,0,1,0,1
/home/okamoto/CicadaChorusDetection/step1_real_annotation/recordings/sample_akitsu_2/20240826_0610.wav,0.0,4.0,0,0,1,0,1
/home/okamoto/CicadaChorusDetection/step1_real_annotation/recordings/sample_akitsu_2/20240826_0610.wav,8.0,12.0,0,0,1,0,1
/home/okamoto/CicadaChorusDetection/step1_real_annotation/recordings/sample_akitsu_2/20240826_0610.wav,4.0,8.0,0,0,1,0,1
/home/okamoto/CicadaChorusDetection/step1_real_annotation/recordings/sample_akitsu_2/20240815_0600.wav,0.0,4.0,0,0,1,0,0
/home/okamoto/CicadaChorusDetection/step1_real_annotation/recordings/sample_akitsu_2/20240815_0600.wav,4.0,8.0,0,0,1,0,0
/home/okamoto/CicadaChorusDetection/step1_real_annotation/recordings/sample_akitsu_2/20240815_0600.wav,8.0,12.0,0,0,1,0,0
/home/okamoto/CicadaChorusDetection/step1_real_annotation/recordings/sample_akitsu_2/20240823_0610.wav,0.0,4.0,0,0,0,0,0
/home/okamoto/CicadaChorusDetection/step1_real_annotation/recordings/sample_akitsu_2/20240823_0610.wav,8.0,12.0,0,0,0,0,0
/home/okamoto/CicadaChorusDetection/step1_real_annotation/recordings/sample_akitsu_2/20240823_0610.wav,4.0,8.0,0,0,0,0,0
/home/okamoto/CicadaChorusDetection/step1_real_annotation/recordings/sample_akitsu_2/20240914_1010.wav,0.0,4.0,0,0,0,0,0
/home/okamoto/CicadaChorusDetection/step1_real_annotation/recordings/sample_akitsu_2/20240914_1010.wav,8.0,12.0,0,0,0,0,0
/home/okamoto/CicadaChorusDetection/step1_real_annotation/recordings/sample_akitsu_2/20240914_1010.wav,4.0,8.0,0,0,0,0,0
/home/okamoto/CicadaChorusDetection/step1_real_annotation/recordings/sample_akitsu_2/20240820_1510.wav,0.0,4.0,1,0,1,0,1
/home/okamoto/CicadaChorusDetection/step1_real_annotation/recordings/sample_akitsu_2/20240820_1510.wav,8.0,12.0,1,0,1,0,1
/home/okamoto/CicadaChorusDetection/step1_real_annotation/recordings/sample_akitsu_2/20240820_1510.wav,4.0,8.0,1,0,1,0,1
/home/okamoto/CicadaChorusDetection/step1_real_annotation/recordings/sample_akitsu_2/20240727_1204.wav,0.0,4.0,1,0,0,1,0
/home/okamoto/CicadaChorusDetection/step1_real_annotation/recordings/sample_akitsu_2/20240727_1204.wav,8.0,12.0,1,0,0,1,0
/home/okamoto/CicadaChorusDetection/step1_real_annotation/recordings/sample_akitsu_2/20240727_1204.wav,4.0,8.0,1,0,0,1,0
/home/okamoto/CicadaChorusDetection/step1_real_annotation/recordings/sample_akitsu_2/20240725_0810.wav,0.0,4.0,0,0,0,1,0
/home/okamoto/CicadaChorusDetection/step1_real_annotation/recordings/sample_akitsu_2/20240725_0810.wav,4.0,8.0,0,0,0,1,0
/home/okamoto/CicadaChorusDetection/step1_real_annotation/recordings/sample_akitsu_2/20240725_0810.wav,8.0,12.0,0,0,0,1,0
/home/okamoto/CicadaChorusDetection/step1_real_annotation/recordings/sample_akitsu_2/20240820_1810.wav,4.0,8.0,1,0,0,0,1
/home/okamoto/CicadaChorusDetection/step1_real_annotation/recordings/sample_akitsu_2/20240820_1810.wav,0.0,4.0,1,0,0,0,1
/home/okamoto/CicadaChorusDetection/step1_real_annotation/recordings/sample_akitsu_2/20240820_1810.wav,8.0,12.0,1,0,0,0,1
/home/okamoto/CicadaChorusDetection/step1_real_annotation/recordings/sample_akitsu_2/20240818_1810.wav,0.0,4.0,1,0,0,0,1
/home/okamoto/CicadaChorusDetection/step1_real_annotation/recordings/sample_akitsu_2/20240818_1810.wav,4.0,8.0,1,0,0,0,1
/home/okamoto/CicadaChorusDetection/step1_real_annotation/recordings/sample_akitsu_2/20240818_1810.wav,8.0,12.0,1,0,0,0,1
/home/okamoto/CicadaChorusDetection/step1_real_annotation/recordings/sample_akitsu_2/20240823_0810.wav,0.0,4.0,0,0,1,0,0
/home/okamoto/CicadaChorusDetection/step1_real_annotation/recordings/sample_akitsu_2/20240823_0810.wav,4.0,8.0,0,0,1,0,0
/home/okamoto/CicadaChorusDetection/step1_real_annotation/recordings/sample_akitsu_2/20240823_0810.wav,8.0,12.0,0,0,1,0,0
/home/okamoto/CicadaChorusDetection/step1_real_annotation/recordings/sample_akitsu_2/20240811_1700.wav,4.0,8.0,1,0,1,1,1
/home/okamoto/CicadaChorusDetection/step1_real_annotation/recordings/sample_akitsu_2/20240811_1700.wav,0.0,4.0,1,0,1,1,1
/home/okamoto/CicadaChorusDetection/step1_real_annotation/recordings/sample_akitsu_2/20240811_1700.wav,8.0,12.0,1,0,1,1,1
/home/okamoto/CicadaChorusDetection/step1_real_annotation/recordings/sample_akitsu_2/20240723_0710.wav,0.0,4.0,0,0,1,1,0
/home/okamoto/CicadaChorusDetection/step1_real_annotation/recordings/sample_akitsu_2/20240723_0710.wav,4.0,8.0,0,0,1,1,0
/home/okamoto/CicadaChorusDetection/step1_real_annotation/recordings/sample_akitsu_2/20240723_0710.wav,8.0,12.0,0,0,1,1,0
/home/okamoto/CicadaChorusDetection/step1_real_annotation/recordings/sample_akitsu_2/20240818_1310.wav,0.0,4.0,1,0,1,0,1
/home/okamoto/CicadaChorusDetection/step1_real_annotation/recordings/sample_akitsu_2/20240818_1310.wav,4.0,8.0,1,0,1,0,1
/home/okamoto/CicadaChorusDetection/step1_real_annotation/recordings/sample_akitsu_2/20240818_1310.wav,8.0,12.0,1,0,1,0,1
/home/okamoto/CicadaChorusDetection/step1_real_annotation/recordings/sample_akitsu_2/20240821_1310.wav,0.0,4.0,1,0,1,0,1
/home/okamoto/CicadaChorusDetection/step1_real_annotation/recordings/sample_akitsu_2/20240821_1310.wav,4.0,8.0,1,0,1,0,1
/home/okamoto/CicadaChorusDetection/step1_real_annotation/recordings/sample_akitsu_2/20240827_1210.wav,0.0,4.0,1,0,0,0,1
/home/okamoto/CicadaChorusDetection/step1_real_annotation/recordings/sample_akitsu_2/20240821_1310.wav,8.0,12.0,1,0,1,0,1
/home/okamoto/CicadaChorusDetection/step1_real_annotation/recordings/sample_akitsu_2/20240827_1210.wav,4.0,8.0,1,0,0,0,1
/home/okamoto/CicadaChorusDetection/step1_real_annotation/recordings/sample_akitsu_2/20240827_1210.wav,8.0,12.0,1,0,0,0,1
/home/okamoto/CicadaChorusDetection/step1_real_annotation/recordings/sample_akitsu_2/20240912_1700.wav,0.0,4.0,1,0,0,0,0
/home/okamoto/CicadaChorusDetection/step1_real_annotation/recordings/sample_akitsu_2/20240912_1700.wav,4.0,8.0,1,0,0,0,0
/home/okamoto/CicadaChorusDetection/step1_real_annotation/recordings/sample_akitsu_2/20240912_1700.wav,8.0,12.0,1,0,0,0,0
/home/okamoto/CicadaChorusDetection/step1_real_annotation/recordings/sample_akitsu_2/20240814_1000.wav,0.0,4.0,0,0,0,1,0
/home/okamoto/CicadaChorusDetection/step1_real_annotation/recordings/sample_akitsu_2/20240814_1000.wav,4.0,8.0,0,0,0,1,0
/home/okamoto/CicadaChorusDetection/step1_real_annotation/recordings/sample_akitsu_2/20240814_1000.wav,8.0,12.0,0,0,0,1,0
/home/okamoto/CicadaChorusDetection/step1_real_annotation/recordings/sample_akitsu_2/20240912_0700.wav,0.0,4.0,0,0,0,0,1
/home/okamoto/CicadaChorusDetection/step1_real_annotation/recordings/sample_akitsu_2/20240912_0700.wav,4.0,8.0,0,0,0,0,1
/home/okamoto/CicadaChorusDetection/step1_real_annotation/recordings/sample_akitsu_2/20240729_1310.wav,0.0,4.0,1,0,0,1,0
/home/okamoto/CicadaChorusDetection/step1_real_annotation/recordings/sample_akitsu_2/20240912_0700.wav,8.0,12.0,0,0,0,0,1
/home/okamoto/CicadaChorusDetection/step1_real_annotation/recordings/sample_akitsu_2/20240729_1310.wav,4.0,8.0,1,0,0,1,0
/home/okamoto/CicadaChorusDetection/step1_real_annotation/recordings/sample_akitsu_2/20240715_1210.wav,0.0,4.0,0,0,0,1,0
/home/okamoto/CicadaChorusDetection/step1_real_annotation/recordings/sample_akitsu_2/20240729_1310.wav,8.0,12.0,1,0,0,1,0
/home/okamoto/CicadaChorusDetection/step1_real_annotation/recordings/sample_akitsu_2/20240715_1210.wav,4.0,8.0,0,0,0,1,0
/home/okamoto/CicadaChorusDetection/step1_real_annotation/recordings/sample_akitsu_2/20240715_1210.wav,8.0,12.0,0,0,0,1,0
/home/okamoto/CicadaChorusDetection/step1_real_annotation/recordings/sample_akitsu_2/20240907_1510.wav,0.0,4.0,0,0,0,0,1
/home/okamoto/CicadaChorusDetection/step1_real_annotation/recordings/sample_akitsu_2/20240907_1510.wav,4.0,8.0,0,0,0,0,1
/home/okamoto/CicadaChorusDetection/step1_real_annotation/recordings/sample_akitsu_2/20240907_1510.wav,8.0,12.0,0,0,0,0,1
/home/okamoto/CicadaChorusDetection/step1_real_annotation/recordings/sample_akitsu_2/20240721_1700.wav,0.0,4.0,1,0,0,1,0
/home/okamoto/CicadaChorusDetection/step1_real_annotation/recordings/sample_akitsu_2/20240721_1700.wav,4.0,8.0,1,0,0,1,0
/home/okamoto/CicadaChorusDetection/step1_real_annotation/recordings/sample_akitsu_2/20240721_1700.wav,8.0,12.0,1,0,0,1,0
/home/okamoto/CicadaChorusDetection/step1_real_annotation/recordings/sample_ryokuchi_2/20240903_1500.wav,0.0,4.0,0,0,0,0,1
/home/okamoto/CicadaChorusDetection/step1_real_annotation/recordings/sample_ryokuchi_2/20240903_1500.wav,4.0,8.0,0,0,0,0,1
/home/okamoto/CicadaChorusDetection/step1_real_annotation/recordings/sample_ryokuchi_2/20240903_1500.wav,8.0,12.0,0,0,0,0,1
/home/okamoto/CicadaChorusDetection/step1_real_annotation/recordings/sample_ryokuchi_2/20240812_1600.wav,0.0,4.0,1,0,1,0,0
/home/okamoto/CicadaChorusDetection/step1_real_annotation/recordings/sample_ryokuchi_2/20240812_1600.wav,8.0,12.0,1,0,1,0,0
/home/okamoto/CicadaChorusDetection/step1_real_annotation/recordings/sample_ryokuchi_2/20240812_1600.wav,4.0,8.0,1,0,1,0,0
/home/okamoto/CicadaChorusDetection/step1_real_annotation/recordings/sample_ryokuchi_2/20240822_0700.wav,0.0,4.0,0,0,1,0,1
/home/okamoto/CicadaChorusDetection/step1_real_annotation/recordings/sample_ryokuchi_2/20240822_0700.wav,8.0,12.0,0,0,1,0,1
/home/okamoto/CicadaChorusDetection/step1_real_annotation/recordings/sample_ryokuchi_2/20240822_0700.wav,4.0,8.0,0,0,1,0,1
/home/okamoto/CicadaChorusDetection/step1_real_annotation/recordings/sample_ryokuchi_2/20240908_1500.wav,0.0,4.0,0,0,0,0,1
/home/okamoto/CicadaChorusDetection/step1_real_annotation/recordings/sample_ryokuchi_2/20240908_1500.wav,4.0,8.0,0,0,0,0,1
/home/okamoto/CicadaChorusDetection/step1_real_annotation/recordings/sample_ryokuchi_2/20240908_1500.wav,8.0,12.0,0,0,0,0,1
/home/okamoto/CicadaChorusDetection/step1_real_annotation/recordings/sample_ryokuchi_2/20240717_1700.wav,0.0,4.0,0,0,0,1,0
/home/okamoto/CicadaChorusDetection/step1_real_annotation/recordings/sample_ryokuchi_2/20240717_1700.wav,4.0,8.0,0,0,0,1,0
/home/okamoto/CicadaChorusDetection/step1_real_annotation/recordings/sample_ryokuchi_2/20240717_1700.wav,8.0,12.0,0,0,0,1,0
/home/okamoto/CicadaChorusDetection/step1_real_annotation/recordings/sample_ryokuchi_2/20240906_0900.wav,0.0,4.0,0,0,0,0,0
/home/okamoto/CicadaChorusDetection/step1_real_annotation/recordings/sample_ryokuchi_2/20240906_0900.wav,8.0,12.0,0,0,0,0,0
/home/okamoto/CicadaChorusDetection/step1_real_annotation/recordings/sample_ryokuchi_2/20240906_0900.wav,4.0,8.0,0,0,0,0,0
/home/okamoto/CicadaChorusDetection/step1_real_annotation/recordings/sample_ryokuchi_2/20240911_1310.wav,0.0,4.0,0,0,0,0,0
/home/okamoto/CicadaChorusDetection/step1_real_annotation/recordings/sample_ryokuchi_2/20240911_1310.wav,4.0,8.0,0,0,0,0,0
/home/okamoto/CicadaChorusDetection/step1_real_annotation/recordings/sample_ryokuchi_2/20240911_1310.wav,8.0,12.0,0,0,0,0,0
/home/okamoto/CicadaChorusDetection/step1_real_annotation/recordings/sample_ryokuchi_2/20240808_1200.wav,0.0,4.0,1,0,0,1,0
/home/okamoto/CicadaChorusDetection/step1_real_annotation/recordings/sample_ryokuchi_2/20240808_1200.wav,4.0,8.0,1,0,0,1,0
/home/okamoto/CicadaChorusDetection/step1_real_annotation/recordings/sample_ryokuchi_2/20240808_1200.wav,8.0,12.0,1,0,0,1,0
/home/okamoto/CicadaChorusDetection/step1_real_annotation/recordings/sample_ryokuchi_2/20240715_1810.wav,0.0,4.0,0,0,0,1,0
/home/okamoto/CicadaChorusDetection/step1_real_annotation/recordings/sample_ryokuchi_2/20240715_1810.wav,4.0,8.0,0,0,0,1,0
/home/okamoto/CicadaChorusDetection/step1_real_annotation/recordings/sample_ryokuchi_2/20240818_0710.wav,0.0,4.0,0,0,1,0,0
/home/okamoto/CicadaChorusDetection/step1_real_annotation/recordings/sample_ryokuchi_2/20240715_1810.wav,8.0,12.0,0,0,0,1,0
/home/okamoto/CicadaChorusDetection/step1_real_annotation/recordings/sample_ryokuchi_2/20240818_0710.wav,4.0,8.0,0,0,1,0,0
/home/okamoto/CicadaChorusDetection/step1_real_annotation/recordings/sample_ryokuchi_2/20240818_0910.wav,0.0,4.0,0,0,1,0,0
/home/okamoto/CicadaChorusDetection/step1_real_annotation/recordings/sample_ryokuchi_2/20240818_0710.wav,8.0,12.0,0,0,1,0,0
/home/okamoto/CicadaChorusDetection/step1_real_annotation/recordings/sample_ryokuchi_2/20240818_0910.wav,4.0,8.0,0,0,1,0,0
/home/okamoto/CicadaChorusDetection/step1_real_annotation/recordings/sample_ryokuchi_2/20240818_0910.wav,8.0,12.0,0,0,1,0,0
/home/okamoto/CicadaChorusDetection/step1_real_annotation/recordings/sample_ryokuchi_2/20240805_0600.wav,0.0,4.0,0,0,0,1,0
/home/okamoto/CicadaChorusDetection/step1_real_annotation/recordings/sample_ryokuchi_2/20240805_0600.wav,4.0,8.0,0,0,0,1,0
/home/okamoto/CicadaChorusDetection/step1_real_annotation/recordings/sample_ryokuchi_2/20240805_0600.wav,8.0,12.0,0,0,0,1,0
/home/okamoto/CicadaChorusDetection/step1_real_annotation/recordings/sample_ryokuchi_2/20240730_0500.wav,4.0,8.0,0,0,0,1,0
/home/okamoto/CicadaChorusDetection/step1_real_annotation/recordings/sample_ryokuchi_2/20240730_0500.wav,0.0,4.0,0,0,0,1,0
/home/okamoto/CicadaChorusDetection/step1_real_annotation/recordings/sample_ryokuchi_2/20240730_0500.wav,8.0,12.0,0,0,0,1,0
/home/okamoto/CicadaChorusDetection/step1_real_annotation/recordings/sample_ryokuchi_2/20240821_1810.wav,0.0,4.0,1,0,0,0,1
/home/okamoto/CicadaChorusDetection/step1_real_annotation/recordings/sample_ryokuchi_2/20240821_1810.wav,4.0,8.0,1,0,0,0,1
/home/okamoto/CicadaChorusDetection/step1_real_annotation/recordings/sample_ryokuchi_2/20240821_1810.wav,8.0,12.0,1,0,0,0,1
/home/okamoto/CicadaChorusDetection/step1_real_annotation/recordings/sample_ryokuchi_2/20240806_1310.wav,4.0,8.0,1,0,0,1,0
/home/okamoto/CicadaChorusDetection/step1_real_annotation/recordings/sample_ryokuchi_2/20240806_1310.wav,0.0,4.0,1,0,0,1,0
/home/okamoto/CicadaChorusDetection/step1_real_annotation/recordings/sample_ryokuchi_2/20240806_1310.wav,8.0,12.0,1,0,0,1,0
/home/okamoto/CicadaChorusDetection/step1_real_annotation/recordings/sample_ryokuchi_2/20240831_1301.wav,0.0,4.0,0,0,0,0,0
/home/okamoto/CicadaChorusDetection/step1_real_annotation/recordings/sample_ryokuchi_2/20240831_1301.wav,8.0,12.0,0,0,0,0,0
/home/okamoto/CicadaChorusDetection/step1_real_annotation/recordings/sample_ryokuchi_2/20240831_1301.wav,4.0,8.0,0,0,0,0,0
/home/okamoto/CicadaChorusDetection/step1_real_annotation/recordings/sample_ryokuchi_2/20240805_1100.wav,0.0,4.0,0,0,0,1,0
/home/okamoto/CicadaChorusDetection/step1_real_annotation/recordings/sample_ryokuchi_2/20240805_1100.wav,4.0,8.0,0,0,0,1,0
/home/okamoto/CicadaChorusDetection/step1_real_annotation/recordings/sample_ryokuchi_2/20240805_1100.wav,8.0,12.0,0,0,0,1,0
/home/okamoto/CicadaChorusDetection/step1_real_annotation/recordings/sample_ryokuchi_2/20240802_1500.wav,0.0,4.0,1,0,0,1,0
/home/okamoto/CicadaChorusDetection/step1_real_annotation/recordings/sample_ryokuchi_2/20240802_1500.wav,4.0,8.0,1,0,0,1,0
/home/okamoto/CicadaChorusDetection/step1_real_annotation/recordings/sample_ryokuchi_2/20240802_1500.wav,8.0,12.0,1,0,0,1,0
/home/okamoto/CicadaChorusDetection/step1_real_annotation/recordings/sample_ryokuchi_2/20240904_1100.wav,0.0,4.0,0,0,0,0,0
/home/okamoto/CicadaChorusDetection/step1_real_annotation/recordings/sample_ryokuchi_2/20240904_1100.wav,8.0,12.0,0,0,0,0,0
/home/okamoto/CicadaChorusDetection/step1_real_annotation/recordings/sample_ryokuchi_2/20240904_1100.wav,4.0,8.0,0,0,0,0,0
/home/okamoto/CicadaChorusDetection/step1_real_annotation/recordings/sample_ryokuchi_2/20240826_1000.wav,0.0,4.0,0,0,0,0,1
/home/okamoto/CicadaChorusDetection/step1_real_annotation/recordings/sample_ryokuchi_2/20240826_1000.wav,8.0,12.0,0,0,0,0,1
/home/okamoto/CicadaChorusDetection/step1_real_annotation/recordings/sample_ryokuchi_2/20240826_1000.wav,4.0,8.0,0,0,0,0,1
/home/okamoto/CicadaChorusDetection/step1_real_annotation/recordings/sample_ryokuchi_2/20240813_0900.wav,0.0,4.0,0,0,0,1,1
/home/okamoto/CicadaChorusDetection/step1_real_annotation/recordings/sample_ryokuchi_2/20240813_0900.wav,4.0,8.0,0,0,0,1,1
/home/okamoto/CicadaChorusDetection/step1_real_annotation/recordings/sample_ryokuchi_2/20240813_0900.wav,8.0,12.0,0,0,0,1,1
/home/okamoto/CicadaChorusDetection/step1_real_annotation/recordings/sample_ryokuchi_2/20240808_0610.wav,4.0,8.0,0,0,1,1,0
/home/okamoto/CicadaChorusDetection/step1_real_annotation/recordings/sample_ryokuchi_2/20240808_0610.wav,0.0,4.0,0,0,1,1,0
/home/okamoto/CicadaChorusDetection/step1_real_annotation/recordings/sample_ryokuchi_2/20240808_0610.wav,8.0,12.0,0,0,1,1,0
/home/okamoto/CicadaChorusDetection/step1_real_annotation/recordings/sample_ryokuchi_2/20240825_0810.wav,4.0,8.0,0,0,0,0,1
/home/okamoto/CicadaChorusDetection/step1_real_annotation/recordings/sample_ryokuchi_2/20240825_0810.wav,0.0,4.0,0,0,0,0,1
/home/okamoto/CicadaChorusDetection/step1_real_annotation/recordings/sample_ryokuchi_2/20240825_0810.wav,8.0,12.0,0,0,0,0,1
/home/okamoto/CicadaChorusDetection/step1_real_annotation/recordings/sample_ryokuchi_2/20240822_1600.wav,0.0,4.0,1,0,0,0,1
/home/okamoto/CicadaChorusDetection/step1_real_annotation/recordings/sample_ryokuchi_2/20240822_1600.wav,4.0,8.0,1,0,0,0,1
/home/okamoto/CicadaChorusDetection/step1_real_annotation/recordings/sample_ryokuchi_2/20240822_1600.wav,8.0,12.0,1,0,0,0,1
/home/okamoto/CicadaChorusDetection/step1_real_annotation/recordings/sample_ryokuchi_2/20240806_0710.wav,0.0,4.0,0,0,0,1,0
/home/okamoto/CicadaChorusDetection/step1_real_annotation/recordings/sample_ryokuchi_2/20240806_0710.wav,8.0,12.0,0,0,0,1,0
/home/okamoto/CicadaChorusDetection/step1_real_annotation/recordings/sample_ryokuchi_2/20240806_0710.wav,4.0,8.0,0,0,0,1,0
/home/okamoto/CicadaChorusDetection/step1_real_annotation/recordings/sample_ryokuchi_2/20240903_1710.wav,0.0,4.0,0,0,0,0,0
/home/okamoto/CicadaChorusDetection/step1_real_annotation/recordings/sample_ryokuchi_2/20240903_1710.wav,4.0,8.0,0,0,0,0,0
/home/okamoto/CicadaChorusDetection/step1_real_annotation/recordings/sample_ryokuchi_2/20240903_1710.wav,8.0,12.0,0,0,0,0,0
/home/okamoto/CicadaChorusDetection/step1_real_annotation/recordings/sample_ryokuchi_2/20240826_1500.wav,4.0,8.0,1,0,0,0,1
/home/okamoto/CicadaChorusDetection/step1_real_annotation/recordings/sample_ryokuchi_2/20240826_1500.wav,0.0,4.0,1,0,0,0,1
/home/okamoto/CicadaChorusDetection/step1_real_annotation/recordings/sample_ryokuchi_2/20240826_1500.wav,8.0,12.0,1,0,0,0,1
/home/okamoto/CicadaChorusDetection/step1_real_annotation/recordings/sample_ryokuchi_2/20240729_0500.wav,0.0,4.0,0,0,0,1,0
/home/okamoto/CicadaChorusDetection/step1_real_annotation/recordings/sample_ryokuchi_2/20240729_0500.wav,4.0,8.0,0,0,0,1,0
/home/okamoto/CicadaChorusDetection/step1_real_annotation/recordings/sample_ryokuchi_2/20240729_0500.wav,8.0,12.0,0,0,0,1,0
/home/okamoto/CicadaChorusDetection/step1_real_annotation/recordings/sample_ryokuchi_2/20240820_1700.wav,0.0,4.0,1,0,0,0,1
/home/okamoto/CicadaChorusDetection/step1_real_annotation/recordings/sample_ryokuchi_2/20240820_1700.wav,4.0,8.0,1,0,0,0,1
/home/okamoto/CicadaChorusDetection/step1_real_annotation/recordings/sample_ryokuchi_2/20240820_1700.wav,8.0,12.0,1,0,0,0,1
/home/okamoto/CicadaChorusDetection/step1_real_annotation/recordings/sample_ryokuchi_2/20240723_0500.wav,4.0,8.0,0,0,0,1,0
/home/okamoto/CicadaChorusDetection/step1_real_annotation/recordings/sample_ryokuchi_2/20240723_0500.wav,0.0,4.0,0,0,0,1,0
/home/okamoto/CicadaChorusDetection/step1_real_annotation/recordings/sample_ryokuchi_2/20240723_0500.wav,8.0,12.0,0,0,0,1,0
/home/okamoto/CicadaChorusDetection/step1_real_annotation/recordings/sample_ryokuchi_2/20240727_1200.wav,4.0,8.0,1,0,0,1,0
/home/okamoto/CicadaChorusDetection/step1_real_annotation/recordings/sample_ryokuchi_2/20240727_1200.wav,0.0,4.0,1,0,0,1,0
/home/okamoto/CicadaChorusDetection/step1_real_annotation/recordings/sample_ryokuchi_2/20240727_1200.wav,8.0,12.0,1,0,0,1,0
/home/okamoto/CicadaChorusDetection/step1_real_annotation/recordings/sample_ryokuchi_2/20240906_1400.wav,0.0,4.0,0,0,0,0,1
/home/okamoto/CicadaChorusDetection/step1_real_annotation/recordings/sample_ryokuchi_2/20240906_1400.wav,8.0,12.0,0,0,0,0,1
/home/okamoto/CicadaChorusDetection/step1_real_annotation/recordings/sample_ryokuchi_2/20240906_1400.wav,4.0,8.0,0,0,0,0,1
/home/okamoto/CicadaChorusDetection/step1_real_annotation/recordings/sample_ryokuchi_2/20240811_0600.wav,0.0,4.0,0,0,0,0,0
/home/okamoto/CicadaChorusDetection/step1_real_annotation/recordings/sample_ryokuchi_2/20240811_0600.wav,4.0,8.0,0,0,0,0,0
/home/okamoto/CicadaChorusDetection/step1_real_annotation/recordings/sample_ryokuchi_2/20240720_1400.wav,0.0,4.0,0,0,0,1,0
/home/okamoto/CicadaChorusDetection/step1_real_annotation/recordings/sample_ryokuchi_2/20240811_0600.wav,8.0,12.0,0,0,0,0,0
/home/okamoto/CicadaChorusDetection/step1_real_annotation/recordings/sample_ryokuchi_2/20240720_1400.wav,4.0,8.0,0,0,0,1,0
/home/okamoto/CicadaChorusDetection/step1_real_annotation/recordings/sample_ryokuchi_2/20240720_1400.wav,8.0,12.0,0,0,0,1,0
/home/okamoto/CicadaChorusDetection/step1_real_annotation/recordings/sample_ryokuchi_2/20240723_1310.wav,0.0,4.0,0,0,0,1,0
/home/okamoto/CicadaChorusDetection/step1_real_annotation/recordings/sample_ryokuchi_2/20240723_1310.wav,4.0,8.0,0,0,0,1,0
/home/okamoto/CicadaChorusDetection/step1_real_annotation/recordings/sample_ryokuchi_2/20240723_1310.wav,8.0,12.0,0,0,0,1,0
/home/okamoto/CicadaChorusDetection/step1_real_annotation/recordings/sample_ryokuchi_2/20240909_1100.wav,4.0,8.0,0,0,0,0,0
/home/okamoto/CicadaChorusDetection/step1_real_annotation/recordings/sample_ryokuchi_2/20240909_1100.wav,0.0,4.0,0,0,0,0,0
/home/okamoto/CicadaChorusDetection/step1_real_annotation/recordings/sample_ryokuchi_2/20240723_1700.wav,0.0,4.0,1,0,0,1,0
/home/okamoto/CicadaChorusDetection/step1_real_annotation/recordings/sample_ryokuchi_2/20240909_1100.wav,8.0,12.0,0,0,0,0,0
/home/okamoto/CicadaChorusDetection/step1_real_annotation/recordings/sample_ryokuchi_2/20240723_1700.wav,4.0,8.0,1,0,0,1,0
/home/okamoto/CicadaChorusDetection/step1_real_annotation/recordings/sample_ryokuchi_2/20240723_1700.wav,8.0,12.0,1,0,0,1,0
/home/okamoto/CicadaChorusDetection/step1_real_annotation/recordings/sample_ryokuchi_2/20240721_1510.wav,0.0,4.0,1,0,0,1,0
/home/okamoto/CicadaChorusDetection/step1_real_annotation/recordings/sample_ryokuchi_2/20240721_1510.wav,4.0,8.0,1,0,0,1,0
/home/okamoto/CicadaChorusDetection/step1_real_annotation/recordings/sample_ryokuchi_2/20240721_1510.wav,8.0,12.0,1,0,0,1,0
/home/okamoto/CicadaChorusDetection/step1_real_annotation/recordings/sample_ryokuchi_2/20240829_1010.wav,0.0,4.0,0,0,0,0,0
/home/okamoto/CicadaChorusDetection/step1_real_annotation/recordings/sample_ryokuchi_2/20240829_1010.wav,4.0,8.0,0,0,0,0,0
/home/okamoto/CicadaChorusDetection/step1_real_annotation/recordings/sample_ryokuchi_2/20240829_1010.wav,8.0,12.0,0,0,0,0,0
/home/okamoto/CicadaChorusDetection/step1_real_annotation/recordings/sample_ryokuchi_2/20240831_0710.wav,0.0,4.0,0,0,0,0,0
/home/okamoto/CicadaChorusDetection/step1_real_annotation/recordings/sample_ryokuchi_2/20240831_0710.wav,4.0,8.0,0,0,0,0,0
/home/okamoto/CicadaChorusDetection/step1_real_annotation/recordings/sample_ryokuchi_2/20240831_0710.wav,8.0,12.0,0,0,0,0,0
/home/okamoto/CicadaChorusDetection/step1_real_annotation/recordings/sample_ryokuchi_2/20240821_1310.wav,0.0,4.0,1,0,0,0,1
/home/okamoto/CicadaChorusDetection/step1_real_annotation/recordings/sample_ryokuchi_2/20240821_1310.wav,4.0,8.0,1,0,0,0,1
/home/okamoto/CicadaChorusDetection/step1_real_annotation/recordings/sample_ryokuchi_2/20240821_1310.wav,8.0,12.0,1,0,0,0,1
/home/okamoto/CicadaChorusDetection/step1_real_annotation/recordings/sample_ryokuchi_2/20240722_0910.wav,0.0,4.0,0,0,0,1,0
/home/okamoto/CicadaChorusDetection/step1_real_annotation/recordings/sample_ryokuchi_2/20240722_0910.wav,4.0,8.0,0,0,0,1,0
/home/okamoto/CicadaChorusDetection/step1_real_annotation/recordings/sample_ryokuchi_2/20240722_0910.wav,8.0,12.0,0,0,0,1,0
/home/okamoto/CicadaChorusDetection/step1_real_annotation/recordings/sample_ryokuchi_2/20240807_1210.wav,0.0,4.0,1,0,0,1,0
/home/okamoto/CicadaChorusDetection/step1_real_annotation/recordings/sample_ryokuchi_2/20240807_1210.wav,4.0,8.0,1,0,0,1,0
/home/okamoto/CicadaChorusDetection/step1_real_annotation/recordings/sample_ryokuchi_2/20240807_1210.wav,8.0,12.0,1,0,0,1,0
/home/okamoto/CicadaChorusDetection/step1_real_annotation/recordings/sample_ryokuchi_2/20240822_1800.wav,0.0,4.0,1,0,0,0,0
/home/okamoto/CicadaChorusDetection/step1_real_annotation/recordings/sample_ryokuchi_2/20240822_1800.wav,4.0,8.0,1,0,0,0,0
/home/okamoto/CicadaChorusDetection/step1_real_annotation/recordings/sample_ryokuchi_2/20240822_1800.wav,8.0,12.0,1,0,0,0,0
/home/okamoto/CicadaChorusDetection/step1_real_annotation/recordings/sample_ryokuchi_2/20240830_1100.wav,4.0,8.0,0,0,0,0,0
/home/okamoto/CicadaChorusDetection/step1_real_annotation/recordings/sample_ryokuchi_2/20240830_1100.wav,0.0,4.0,0,0,0,0,0
/home/okamoto/CicadaChorusDetection/step1_real_annotation/recordings/sample_ryokuchi_2/20240830_1100.wav,8.0,12.0,0,0,0,0,0
/home/okamoto/CicadaChorusDetection/step1_real_annotation/recordings/sample_ryokuchi_2/20240803_1800.wav,0.0,4.0,1,0,0,1,1
/home/okamoto/CicadaChorusDetection/step1_real_annotation/recordings/sample_ryokuchi_2/20240803_1800.wav,4.0,8.0,1,0,0,1,1
/home/okamoto/CicadaChorusDetection/step1_real_annotation/recordings/sample_ryokuchi_2/20240803_1800.wav,8.0,12.0,1,0,0,1,1
/home/okamoto/CicadaChorusDetection/step1_real_annotation/recordings/sample_ryokuchi_2/20240807_1700.wav,0.0,4.0,1,1,0,0,0
/home/okamoto/CicadaChorusDetection/step1_real_annotation/recordings/sample_ryokuchi_2/20240807_1700.wav,4.0,8.0,1,1,0,0,0
/home/okamoto/CicadaChorusDetection/step1_real_annotation/recordings/sample_ryokuchi_2/20240731_1500.wav,0.0,4.0,1,0,0,1,0
/home/okamoto/CicadaChorusDetection/step1_real_annotation/recordings/sample_ryokuchi_2/20240807_1700.wav,8.0,12.0,1,1,0,0,0
/home/okamoto/CicadaChorusDetection/step1_real_annotation/recordings/sample_ryokuchi_2/20240731_1500.wav,4.0,8.0,1,0,0,1,0
/home/okamoto/CicadaChorusDetection/step1_real_annotation/recordings/sample_ryokuchi_2/20240731_1500.wav,8.0,12.0,1,0,0,1,0
/home/okamoto/CicadaChorusDetection/step1_real_annotation/recordings/sample_ryokuchi_2/20240825_1200.wav,0.0,4.0,0,0,0,0,1
/home/okamoto/CicadaChorusDetection/step1_real_annotation/recordings/sample_ryokuchi_2/20240825_1200.wav,4.0,8.0,0,0,0,0,1
/home/okamoto/CicadaChorusDetection/step1_real_annotation/recordings/sample_ryokuchi_2/20240825_1200.wav,8.0,12.0,0,0,0,0,1
/home/okamoto/CicadaChorusDetection/step1_real_annotation/recordings/sample_ryokuchi_2/20240822_0710.wav,0.0,4.0,0,0,0,0,1
/home/okamoto/CicadaChorusDetection/step1_real_annotation/recordings/sample_ryokuchi_2/20240822_0710.wav,4.0,8.0,0,0,0,0,1
/home/okamoto/CicadaChorusDetection/step1_real_annotation/recordings/sample_ryokuchi_2/20240822_0710.wav,8.0,12.0,0,0,0,0,1
/home/okamoto/CicadaChorusDetection/step1_real_annotation/recordings/sample_suiri_2/20220814_18_00_10.wav,0.0,4.0,1,1,0,1,1
/home/okamoto/CicadaChorusDetection/step1_real_annotation/recordings/sample_suiri_2/20220814_18_00_10.wav,4.0,8.0,1,1,0,1,1
/home/okamoto/CicadaChorusDetection/step1_real_annotation/recordings/sample_suiri_2/20220814_18_00_10.wav,8.0,12.0,1,1,0,1,1
/home/okamoto/CicadaChorusDetection/step1_real_annotation/recordings/sample_suiri_2/20220727_08_00_10.wav,0.0,4.0,0,0,1,0,0
/home/okamoto/CicadaChorusDetection/step1_real_annotation/recordings/sample_suiri_2/20220727_08_00_10.wav,8.0,12.0,0,0,1,0,0
/home/okamoto/CicadaChorusDetection/step1_real_annotation/recordings/sample_suiri_2/20220727_08_00_10.wav,4.0,8.0,0,0,1,0,0
/home/okamoto/CicadaChorusDetection/step1_real_annotation/recordings/sample_suiri_2/20220724_11_00_10.wav,0.0,4.0,0,0,0,1,0
/home/okamoto/CicadaChorusDetection/step1_real_annotation/recordings/sample_suiri_2/20220724_11_00_10.wav,8.0,12.0,0,0,0,1,0
/home/okamoto/CicadaChorusDetection/step1_real_annotation/recordings/sample_suiri_2/20220724_11_00_10.wav,4.0,8.0,0,0,0,1,0
/home/okamoto/CicadaChorusDetection/step1_real_annotation/recordings/sample_suiri_2/20220822_17_00_12.wav,0.0,4.0,1,1,0,0,1
/home/okamoto/CicadaChorusDetection/step1_real_annotation/recordings/sample_suiri_2/20220822_17_00_12.wav,8.0,12.0,1,1,0,0,1
/home/okamoto/CicadaChorusDetection/step1_real_annotation/recordings/sample_suiri_2/20220822_17_00_12.wav,4.0,8.0,1,1,0,0,1
/home/okamoto/CicadaChorusDetection/step1_real_annotation/recordings/sample_suiri_2/20220727_07_00_10.wav,0.0,4.0,0,0,1,1,0
/home/okamoto/CicadaChorusDetection/step1_real_annotation/recordings/sample_suiri_2/20220727_07_00_10.wav,4.0,8.0,0,0,1,1,0
/home/okamoto/CicadaChorusDetection/step1_real_annotation/recordings/sample_suiri_2/20220727_07_00_10.wav,8.0,12.0,0,0,1,1,0
/home/okamoto/CicadaChorusDetection/step1_real_annotation/recordings/sample_suiri_2/20220823_17_00_12.wav,0.0,4.0,1,1,1,0,0
/home/okamoto/CicadaChorusDetection/step1_real_annotation/recordings/sample_suiri_2/20220823_17_00_12.wav,4.0,8.0,1,1,1,0,0
/home/okamoto/CicadaChorusDetection/step1_real_annotation/recordings/sample_suiri_2/20220823_17_00_12.wav,8.0,12.0,1,1,1,0,0
/home/okamoto/CicadaChorusDetection/step1_real_annotation/recordings/sample_suiri_2/20220818_17_00_10.wav,4.0,8.0,1,0,1,0,0
/home/okamoto/CicadaChorusDetection/step1_real_annotation/recordings/sample_suiri_2/20220818_17_00_10.wav,0.0,4.0,1,0,1,0,0
/home/okamoto/CicadaChorusDetection/step1_real_annotation/recordings/sample_suiri_2/20220818_17_00_10.wav,8.0,12.0,1,0,1,0,0
/home/okamoto/CicadaChorusDetection/step1_real_annotation/recordings/sample_suiri_2/20220718_09_00_10.wav,4.0,8.0,0,0,0,1,0
/home/okamoto/CicadaChorusDetection/step1_real_annotation/recordings/sample_suiri_2/20220718_09_00_10.wav,0.0,4.0,0,0,0,1,0
/home/okamoto/CicadaChorusDetection/step1_real_annotation/recordings/sample_suiri_2/20220718_09_00_10.wav,8.0,12.0,0,0,0,1,0
/home/okamoto/CicadaChorusDetection/step1_real_annotation/recordings/sample_suiri_2/20220825_12_00_10.wav,4.0,8.0,1,0,1,0,1
/home/okamoto/CicadaChorusDetection/step1_real_annotation/recordings/sample_suiri_2/20220825_12_00_10.wav,0.0,4.0,1,0,1,0,1
/home/okamoto/CicadaChorusDetection/step1_real_annotation/recordings/sample_suiri_2/20220825_12_00_10.wav,8.0,12.0,1,0,1,0,1
/home/okamoto/CicadaChorusDetection/step1_real_annotation/recordings/sample_suiri_2/20220725_12_00_11.wav,4.0,8.0,0,0,0,1,0
/home/okamoto/CicadaChorusDetection/step1_real_annotation/recordings/sample_suiri_2/20220725_12_00_11.wav,0.0,4.0,0,0,0,1,0
/home/okamoto/CicadaChorusDetection/step1_real_annotation/recordings/sample_suiri_2/20220725_12_00_11.wav,8.0,12.0,0,0,0,1,0
/home/okamoto/CicadaChorusDetection/step1_real_annotation/recordings/sample_suiri_2/20220821_09_00_12.wav,4.0,8.0,0,0,1,0,0
/home/okamoto/CicadaChorusDetection/step1_real_annotation/recordings/sample_suiri_2/20220821_09_00_12.wav,0.0,4.0,0,0,1,0,0
/home/okamoto/CicadaChorusDetection/step1_real_annotation/recordings/sample_suiri_2/20220821_09_00_12.wav,8.0,12.0,0,0,1,0,0
/home/okamoto/CicadaChorusDetection/step1_real_annotation/recordings/sample_suiri_2/20220821_11_00_10.wav,0.0,4.0,1,0,1,0,0
/home/okamoto/CicadaChorusDetection/step1_real_annotation/recordings/sample_suiri_2/20220821_11_00_10.wav,8.0,12.0,1,0,1,0,0
/home/okamoto/CicadaChorusDetection/step1_real_annotation/recordings/sample_suiri_2/20220821_11_00_10.wav,4.0,8.0,1,0,1,0,0
/home/okamoto/CicadaChorusDetection/step1_real_annotation/recordings/sample_suiri_2/20220725_09_00_11.wav,0.0,4.0,0,0,1,1,0
/home/okamoto/CicadaChorusDetection/step1_real_annotation/recordings/sample_suiri_2/20220725_09_00_11.wav,4.0,8.0,0,0,1,1,0
/home/okamoto/CicadaChorusDetection/step1_real_annotation/recordings/sample_suiri_2/20220725_09_00_11.wav,8.0,12.0,0,0,1,1,0
/home/okamoto/CicadaChorusDetection/step1_real_annotation/recordings/sample_suiri_2/20220813_12_00_10.wav,0.0,4.0,0,0,0,0,0
/home/okamoto/CicadaChorusDetection/step1_real_annotation/recordings/sample_suiri_2/20220813_12_00_10.wav,8.0,12.0,0,0,0,0,0
/home/okamoto/CicadaChorusDetection/step1_real_annotation/recordings/sample_suiri_2/20220813_12_00_10.wav,4.0,8.0,0,0,0,0,0
/home/okamoto/CicadaChorusDetection/step1_real_annotation/recordings/sample_suiri_2/20220823_12_00_12.wav,0.0,4.0,1,0,0,0,1
/home/okamoto/CicadaChorusDetection/step1_real_annotation/recordings/sample_suiri_2/20220823_12_00_12.wav,4.0,8.0,1,0,0,0,1
/home/okamoto/CicadaChorusDetection/step1_real_annotation/recordings/sample_suiri_2/20220823_12_00_12.wav,8.0,12.0,1,0,0,0,1
/home/okamoto/CicadaChorusDetection/step1_real_annotation/recordings/sample_suiri_2/20220822_14_00_12.wav,0.0,4.0,1,0,0,0,0
/home/okamoto/CicadaChorusDetection/step1_real_annotation/recordings/sample_suiri_2/20220822_14_00_12.wav,8.0,12.0,1,0,0,0,0
/home/okamoto/CicadaChorusDetection/step1_real_annotation/recordings/sample_suiri_2/20220822_14_00_12.wav,4.0,8.0,1,0,0,0,0
/home/okamoto/CicadaChorusDetection/step1_real_annotation/recordings/sample_suiri_2/20220820_13_00_10.wav,0.0,4.0,1,0,0,0,0
/home/okamoto/CicadaChorusDetection/step1_real_annotation/recordings/sample_suiri_2/20220820_13_00_10.wav,4.0,8.0,1,0,0,0,0
/home/okamoto/CicadaChorusDetection/step1_real_annotation/recordings/sample_suiri_2/20220820_13_00_10.wav,8.0,12.0,1,0,0,0,0
/home/okamoto/CicadaChorusDetection/step1_real_annotation/recordings/sample_suiri_2/20220727_06_00_10.wav,0.0,4.0,0,0,0,1,0
/home/okamoto/CicadaChorusDetection/step1_real_annotation/recordings/sample_suiri_2/20220727_06_00_10.wav,4.0,8.0,0,0,0,1,0
/home/okamoto/CicadaChorusDetection/step1_real_annotation/recordings/sample_suiri_2/20220727_06_00_10.wav,8.0,12.0,0,0,0,1,0
/home/okamoto/CicadaChorusDetection/step1_real_annotation/recordings/sample_suiri_2/20220824_05_00_12.wav,0.0,4.0,0,1,1,0,0
/home/okamoto/CicadaChorusDetection/step1_real_annotation/recordings/sample_suiri_2/20220824_05_00_12.wav,4.0,8.0,0,1,1,0,0
/home/okamoto/CicadaChorusDetection/step1_real_annotation/recordings/sample_suiri_2/20220824_05_00_12.wav,8.0,12.0,0,1,1,0,0
/home/okamoto/CicadaChorusDetection/step1_real_annotation/recordings/sample_suiri_2/20220818_10_00_11.wav,4.0,8.0,0,0,0,0,0
/home/okamoto/CicadaChorusDetection/step1_real_annotation/recordings/sample_suiri_2/20220818_10_00_11.wav,0.0,4.0,0,0,0,0,0
/home/okamoto/CicadaChorusDetection/step1_real_annotation/recordings/sample_suiri_2/20220818_10_00_11.wav,8.0,12.0,0,0,0,0,0
/home/okamoto/CicadaChorusDetection/step1_real_annotation/recordings/sample_suiri_2/20220818_13_00_10.wav,4.0,8.0,1,0,1,0,0
/home/okamoto/CicadaChorusDetection/step1_real_annotation/recordings/sample_suiri_2/20220818_13_00_10.wav,0.0,4.0,1,0,1,0,0
/home/okamoto/CicadaChorusDetection/step1_real_annotation/recordings/sample_suiri_2/20220818_13_00_10.wav,8.0,12.0,1,0,1,0,0
/home/okamoto/CicadaChorusDetection/step1_real_annotation/recordings/sample_suiri_2/20220719_13_00_11.wav,4.0,8.0,0,0,0,1,0
/home/okamoto/CicadaChorusDetection/step1_real_annotation/recordings/sample_suiri_2/20220719_13_00_11.wav,0.0,4.0,0,0,0,1,0
/home/okamoto/CicadaChorusDetection/step1_real_annotation/recordings/sample_suiri_2/20220719_13_00_11.wav,8.0,12.0,0,0,0,1,0
/home/okamoto/CicadaChorusDetection/step1_real_annotation/recordings/sample_suiri_2/20220824_08_00_13.wav,0.0,4.0,0,0,1,0,0
/home/okamoto/CicadaChorusDetection/step1_real_annotation/recordings/sample_suiri_2/20220824_08_00_13.wav,8.0,12.0,0,0,1,0,0
/home/okamoto/CicadaChorusDetection/step1_real_annotation/recordings/sample_suiri_2/20220824_08_00_13.wav,4.0,8.0,0,0,1,0,0
/home/okamoto/CicadaChorusDetection/step1_real_annotation/recordings/sample_suiri_2/20220721_17_00_10.wav,0.0,4.0,0,0,0,1,0
/home/okamoto/CicadaChorusDetection/step1_real_annotation/recordings/sample_suiri_2/20220721_17_00_10.wav,4.0,8.0,0,0,0,1,0
/home/okamoto/CicadaChorusDetection/step1_real_annotation/recordings/sample_suiri_2/20220721_17_00_10.wav,8.0,12.0,0,0,0,1,0
/home/okamoto/CicadaChorusDetection/step1_real_annotation/recordings/sample_suiri_2/20220811_09_00_10.wav,4.0,8.0,0,0,0,0,1
/home/okamoto/CicadaChorusDetection/step1_real_annotation/recordings/sample_suiri_2/20220811_09_00_10.wav,0.0,4.0,0,0,0,0,1
/home/okamoto/CicadaChorusDetection/step1_real_annotation/recordings/sample_suiri_2/20220811_09_00_10.wav,8.0,12.0,0,0,0,0,1
/home/okamoto/CicadaChorusDetection/step1_real_annotation/recordings/sample_suiri_2/20220718_06_00_11.wav,0.0,4.0,0,0,0,1,0
/home/okamoto/CicadaChorusDetection/step1_real_annotation/recordings/sample_suiri_2/20220718_06_00_11.wav,4.0,8.0,0,0,0,1,0
/home/okamoto/CicadaChorusDetection/step1_real_annotation/recordings/sample_suiri_2/20220718_06_00_11.wav,8.0,12.0,0,0,0,1,0
/home/okamoto/CicadaChorusDetection/step1_real_annotation/recordings/sample_suiri_2/20220814_06_00_11.wav,0.0,4.0,0,0,1,0,0
/home/okamoto/CicadaChorusDetection/step1_real_annotation/recordings/sample_suiri_2/20220814_06_00_11.wav,8.0,12.0,0,0,1,0,0
/home/okamoto/CicadaChorusDetection/step1_real_annotation/recordings/sample_suiri_2/20220814_06_00_11.wav,4.0,8.0,0,0,1,0,0
/home/okamoto/CicadaChorusDetection/step1_real_annotation/recordings/sample_suiri_2/20220720_16_00_11.wav,0.0,4.0,0,0,0,1,0
/home/okamoto/CicadaChorusDetection/step1_real_annotation/recordings/sample_suiri_2/20220720_16_00_11.wav,8.0,12.0,0,0,0,1,0
/home/okamoto/CicadaChorusDetection/step1_real_annotation/recordings/sample_suiri_2/20220720_16_00_11.wav,4.0,8.0,0,0,0,1,0
/home/okamoto/CicadaChorusDetection/step1_real_annotation/recordings/sample_suiri_2/20220823_14_00_11.wav,0.0,4.0,1,0,1,0,1
/home/okamoto/CicadaChorusDetection/step1_real_annotation/recordings/sample_suiri_2/20220823_14_00_11.wav,4.0,8.0,1,0,1,0,1
/home/okamoto/CicadaChorusDetection/step1_real_annotation/recordings/sample_suiri_2/20220823_14_00_11.wav,8.0,12.0,1,0,1,0,1
/home/okamoto/CicadaChorusDetection/step1_real_annotation/recordings/sample_suiri_2/20220817_09_00_11.wav,0.0,4.0,0,0,1,0,0
/home/okamoto/CicadaChorusDetection/step1_real_annotation/recordings/sample_suiri_2/20220817_09_00_11.wav,8.0,12.0,0,0,1,0,0
/home/okamoto/CicadaChorusDetection/step1_real_annotation/recordings/sample_suiri_2/20220817_09_00_11.wav,4.0,8.0,0,0,1,0,0
/home/okamoto/CicadaChorusDetection/step1_real_annotation/recordings/sample_suiri_2/20220822_13_00_11.wav,4.0,8.0,1,0,0,0,0
/home/okamoto/CicadaChorusDetection/step1_real_annotation/recordings/sample_suiri_2/20220822_13_00_11.wav,0.0,4.0,1,0,0,0,0
/home/okamoto/CicadaChorusDetection/step1_real_annotation/recordings/sample_suiri_2/20220822_13_00_11.wav,8.0,12.0,1,0,0,0,0
/home/okamoto/CicadaChorusDetection/step1_real_annotation/recordings/sample_suiri_2/20220818_18_00_11.wav,0.0,4.0,1,0,0,0,1
/home/okamoto/CicadaChorusDetection/step1_real_annotation/recordings/sample_suiri_2/20220818_18_00_11.wav,4.0,8.0,1,0,0,0,1
/home/okamoto/CicadaChorusDetection/step1_real_annotation/recordings/sample_suiri_2/20220818_18_00_11.wav,8.0,12.0,1,0,0,0,1
/home/okamoto/CicadaChorusDetection/step1_real_annotation/recordings/sample_suiri_2/20220816_14_00_11.wav,4.0,8.0,1,0,0,0,1
/home/okamoto/CicadaChorusDetection/step1_real_annotation/recordings/sample_suiri_2/20220816_14_00_11.wav,0.0,4.0,1,0,0,0,1
/home/okamoto/CicadaChorusDetection/step1_real_annotation/recordings/sample_suiri_2/20220816_14_00_11.wav,8.0,12.0,1,0,0,0,1
/home/okamoto/CicadaChorusDetection/step1_real_annotation/recordings/sample_suiri_2/20220811_10_00_10.wav,4.0,8.0,0,0,0,0,1
/home/okamoto/CicadaChorusDetection/step1_real_annotation/recordings/sample_suiri_2/20220811_10_00_10.wav,0.0,4.0,0,0,0,0,1
/home/okamoto/CicadaChorusDetection/step1_real_annotation/recordings/sample_suiri_2/20220811_10_00_10.wav,8.0,12.0,0,0,0,0,1
/home/okamoto/CicadaChorusDetection/step1_real_annotation/recordings/sample_suiri_2/20220824_17_00_13.wav,4.0,8.0,1,0,0,0,1
/home/okamoto/CicadaChorusDetection/step1_real_annotation/recordings/sample_suiri_2/20220824_17_00_13.wav,0.0,4.0,1,0,0,0,1
/home/okamoto/CicadaChorusDetection/step1_real_annotation/recordings/sample_suiri_2/20220824_17_00_13.wav,8.0,12.0,1,0,0,0,1
/home/okamoto/CicadaChorusDetection/step1_real_annotation/recordings/sample_suiri_2/20220725_06_00_10.wav,4.0,8.0,0,0,0,1,0
/home/okamoto/CicadaChorusDetection/step1_real_annotation/recordings/sample_suiri_2/20220725_06_00_10.wav,0.0,4.0,0,0,0,1,0
/home/okamoto/CicadaChorusDetection/step1_real_annotation/recordings/sample_suiri_2/20220725_06_00_10.wav,8.0,12.0,0,0,0,1,0
/home/okamoto/CicadaChorusDetection/step1_real_annotation/recordings/sample_suiri_2/20220715_16_00_10.wav,0.0,4.0,0,1,0,1,0
/home/okamoto/CicadaChorusDetection/step1_real_annotation/recordings/sample_suiri_2/20220715_16_00_10.wav,4.0,8.0,0,1,0,1,0
/home/okamoto/CicadaChorusDetection/step1_real_annotation/recordings/sample_suiri_2/20220715_16_00_10.wav,8.0,12.0,0,1,0,1,0
/home/okamoto/CicadaChorusDetection/step1_real_annotation/recordings/sample_suiri_2/20220719_08_00_10.wav,0.0,4.0,0,0,0,1,0
/home/okamoto/CicadaChorusDetection/step1_real_annotation/recordings/sample_suiri_2/20220719_08_00_10.wav,4.0,8.0,0,0,0,1,0
/home/okamoto/CicadaChorusDetection/step1_real_annotation/recordings/sample_suiri_2/20220719_08_00_10.wav,8.0,12.0,0,0,0,1,0
/home/okamoto/CicadaChorusDetection/step1_real_annotation/recordings/sample_suiri_2/20220724_17_00_10.wav,0.0,4.0,1,0,0,1,0
/home/okamoto/CicadaChorusDetection/step1_real_annotation/recordings/sample_suiri_2/20220724_17_00_10.wav,4.0,8.0,1,0,0,1,0
/home/okamoto/CicadaChorusDetection/step1_real_annotation/recordings/sample_suiri_2/20220724_17_00_10.wav,8.0,12.0,1,0,0,1,0
/home/okamoto/CicadaChorusDetection/step1_real_annotation/recordings/sample_suiri_2/20220823_10_00_12.wav,4.0,8.0,0,0,1,0,1
/home/okamoto/CicadaChorusDetection/step1_real_annotation/recordings/sample_suiri_2/20220823_10_00_12.wav,0.0,4.0,0,0,1,0,1
/home/okamoto/CicadaChorusDetection/step1_real_annotation/recordings/sample_suiri_2/20220823_10_00_12.wav,8.0,12.0,0,0,1,0,1
/home/okamoto/CicadaChorusDetection/step1_real_annotation/recordings/sample_suiri_2/20220824_16_00_12.wav,4.0,8.0,1,1,0,0,1
/home/okamoto/CicadaChorusDetection/step1_real_annotation/recordings/sample_suiri_2/20220824_16_00_12.wav,0.0,4.0,1,1,0,0,1
/home/okamoto/CicadaChorusDetection/step1_real_annotation/recordings/sample_suiri_2/20220824_16_00_12.wav,8.0,12.0,1,1,0,0,1
/home/okamoto/CicadaChorusDetection/step1_real_annotation/recordings/sample_suiri_2/20220825_17_00_12.wav,0.0,4.0,1,1,0,0,1
/home/okamoto/CicadaChorusDetection/step1_real_annotation/recordings/sample_suiri_2/20220825_17_00_12.wav,4.0,8.0,1,1,0,0,1
/home/okamoto/CicadaChorusDetection/step1_real_annotation/recordings/sample_suiri_2/20220728_12_00_12.wav,0.0,4.0,1,0,1,0,0
/home/okamoto/CicadaChorusDetection/step1_real_annotation/recordings/sample_suiri_2/20220825_17_00_12.wav,8.0,12.0,1,1,0,0,1
/home/okamoto/CicadaChorusDetection/step1_real_annotation/recordings/sample_suiri_2/20220728_12_00_12.wav,4.0,8.0,1,0,1,0,0
/home/okamoto/CicadaChorusDetection/step1_real_annotation/recordings/sample_suiri_2/20220728_12_00_12.wav,8.0,12.0,1,0,1,0,0
/home/okamoto/CicadaChorusDetection/step1_real_annotation/recordings/sample_suiri_2/20220810_07_00_10.wav,0.0,4.0,0,0,0,1,0
/home/okamoto/CicadaChorusDetection/step1_real_annotation/recordings/sample_suiri_2/20220810_07_00_10.wav,4.0,8.0,0,0,0,1,0
/home/okamoto/CicadaChorusDetection/step1_real_annotation/recordings/sample_suiri_2/20220810_07_00_10.wav,8.0,12.0,0,0,0,1,0
/home/okamoto/CicadaChorusDetection/step1_real_annotation/recordings/sample_suiri_2/20220722_09_00_10.wav,0.0,4.0,0,0,0,1,0
/home/okamoto/CicadaChorusDetection/step1_real_annotation/recordings/sample_suiri_2/20220722_09_00_10.wav,4.0,8.0,0,0,0,1,0
/home/okamoto/CicadaChorusDetection/step1_real_annotation/recordings/sample_suiri_2/20220716_17_00_11.wav,0.0,4.0,0,0,0,1,0
/home/okamoto/CicadaChorusDetection/step1_real_annotation/recordings/sample_suiri_2/20220722_09_00_10.wav,8.0,12.0,0,0,0,1,0
/home/okamoto/CicadaChorusDetection/step1_real_annotation/recordings/sample_suiri_2/20220716_17_00_11.wav,4.0,8.0,0,0,0,1,0
/home/okamoto/CicadaChorusDetection/step1_real_annotation/recordings/sample_suiri_2/20220716_17_00_11.wav,8.0,12.0,0,0,0,1,0
/home/okamoto/CicadaChorusDetection/step1_real_annotation/recordings/sample_suiri_2/20220724_08_00_11.wav,0.0,4.0,0,0,0,1,0
/home/okamoto/CicadaChorusDetection/step1_real_annotation/recordings/sample_suiri_2/20220724_08_00_11.wav,4.0,8.0,0,0,0,1,0
/home/okamoto/CicadaChorusDetection/step1_real_annotation/recordings/sample_suiri_2/20220724_08_00_11.wav,8.0,12.0,0,0,0,1,0
/home/okamoto/CicadaChorusDetection/step1_real_annotation/recordings/sample_suiri_2/20220825_10_00_10.wav,0.0,4.0,1,0,0,0,1
/home/okamoto/CicadaChorusDetection/step1_real_annotation/recordings/sample_suiri_2/20220825_10_00_10.wav,4.0,8.0,1,0,0,0,1
/home/okamoto/CicadaChorusDetection/step1_real_annotation/recordings/sample_suiri_2/20220816_11_00_12.wav,0.0,4.0,1,0,0,0,0
/home/okamoto/CicadaChorusDetection/step1_real_annotation/recordings/sample_suiri_2/20220825_10_00_10.wav,8.0,12.0,1,0,0,0,1
/home/okamoto/CicadaChorusDetection/step1_real_annotation/recordings/sample_suiri_2/20220816_11_00_12.wav,4.0,8.0,1,0,0,0,0
/home/okamoto/CicadaChorusDetection/step1_real_annotation/recordings/sample_suiri_2/20220816_11_00_12.wav,8.0,12.0,1,0,0,0,0
/home/okamoto/CicadaChorusDetection/step1_real_annotation/recordings/sample_suiri_2/20220728_05_00_11.wav,0.0,4.0,0,0,0,1,0
/home/okamoto/CicadaChorusDetection/step1_real_annotation/recordings/sample_suiri_2/20220728_05_00_11.wav,4.0,8.0,0,0,0,1,0
/home/okamoto/CicadaChorusDetection/step1_real_annotation/recordings/sample_suiri_2/20220728_05_00_11.wav,8.0,12.0,0,0,0,1,0
